{
  "controller/App-dbg.controller.js": 1720961494000,
  "i18n/i18n_es.properties": 1720961494000,
  "model/formatter.js": 1720961494000,
  "manifest.json": 1720963340769,
  "utils/locate-reuse-libs.js": 1720961494000,
  "model/models.js": 1720961494000,
  "model/bankdetails.json": 1720961494000,
  "controller/App.controller.js": 1720961494000,
  "Component.js": 1720961494000,
  "Component-preload.js": 1720963340960,
  "utils/locate-reuse-libs-dbg.js": 1720961494000,
  "model/models-dbg.js": 1720961494000,
  "model/formatter-dbg.js": 1720961494000,
  "i18n/i18n.properties": 1720961494000,
  "Component-dbg.js": 1720961494000,
  "view/fragments/MoreDetails.fragment.xml": 1720961494000,
  "view/fragments/CardDetails.fragment.xml": 1720961494000,
  "view/fragments/BankDetails.fragment.xml": 1720961494000,
  "view/App.view.xml": 1720961494000,
  "images/profile.jpeg": 1720961494000,
  "css/style.css": 1720961494000,
  "index.html": 1720961494000
}